Restaurant,Time
Happy Panda,8.9
Happy Panda,9.4
Happy Panda,9.9
Happy Panda,10
Happy Panda,10.7
Happy Panda,11.1
Happy Panda,11.1
Happy Panda,11.7
Happy Panda,12
Happy Panda,12.2
Happy Panda,12.2
Happy Panda,12.3
Happy Panda,12.5
Happy Panda,12.6
Happy Panda,12.8
Happy Panda,12.8
Happy Panda,12.8
Happy Panda,13.1
Happy Panda,13.2
Happy Panda,13.6
Happy Panda,13.7
Happy Panda,13.8
Happy Panda,14
Happy Panda,14.1
Happy Panda,14.5
Happy Panda,14.5
Happy Panda,14.6
Happy Panda,14.6
Happy Panda,14.7
Happy Panda,15.1
Happy Panda,15.2
Happy Panda,15.2
Happy Panda,15.4
Happy Panda,15.9
Happy Panda,16
Happy Panda,16
Happy Panda,16.1
Happy Panda,16.6
Happy Panda,16.6
Happy Panda,16.9
Happy Panda,17
Happy Panda,17.4
Happy Panda,17.4
Happy Panda,17.4
Happy Panda,17.5
Happy Panda,17.5
Happy Panda,17.6
Happy Panda,17.6
Happy Panda,17.8
Happy Panda,18
Happy Panda,18.4
Happy Panda,18.4
Happy Panda,18.4
Happy Panda,18.7
Happy Panda,18.9
Happy Panda,19.4
Happy Panda,19.6
Happy Panda,19.6
Happy Panda,19.9
Happy Panda,19.9
Happy Panda,20
Happy Panda,20
Happy Panda,20
Happy Panda,20.2
Happy Panda,20.3
Happy Panda,20.4
Happy Panda,20.5
Happy Panda,20.6
Happy Panda,20.6
Happy Panda,20.7
Happy Panda,20.7
Happy Panda,20.7
Happy Panda,20.8
Happy Panda,20.8
Happy Panda,21
Happy Panda,21
Happy Panda,21.3
Happy Panda,21.4
Happy Panda,21.4
Happy Panda,21.5
Happy Panda,21.6
Happy Panda,21.6
Happy Panda,21.7
Happy Panda,22
Happy Panda,22.1
Happy Panda,22.1
Happy Panda,22.2
Happy Panda,22.3
Happy Panda,22.3
Happy Panda,22.3
Happy Panda,22.3
Happy Panda,22.3
Happy Panda,22.4
Happy Panda,22.5
Happy Panda,22.5
Happy Panda,22.6
Happy Panda,22.6
Happy Panda,22.7
Happy Panda,22.9
Happy Panda,22.9
Happy Panda,23.1
Happy Panda,23.1
Happy Panda,23.1
Happy Panda,23.2
Happy Panda,23.2
Happy Panda,23.2
Happy Panda,23.4
Happy Panda,23.5
Happy Panda,23.5
Happy Panda,23.6
Happy Panda,23.8
Happy Panda,24
Happy Panda,24.4
Happy Panda,24.4
Happy Panda,24.5
Happy Panda,24.6
Happy Panda,24.6
Happy Panda,24.6
Happy Panda,24.7
Happy Panda,24.7
Happy Panda,24.7
Happy Panda,24.7
Happy Panda,24.8
Happy Panda,24.9
Happy Panda,25
Happy Panda,25.1
Happy Panda,25.1
Happy Panda,25.3
Happy Panda,25.3
Happy Panda,25.4
Happy Panda,25.5
Happy Panda,25.5
Happy Panda,25.6
Happy Panda,25.7
Happy Panda,25.9
Happy Panda,25.9
Happy Panda,26.2
Happy Panda,26.2
Happy Panda,26.3
Happy Panda,26.6
Happy Panda,26.6
Happy Panda,26.7
Happy Panda,26.7
Happy Panda,26.7
Happy Panda,26.8
Happy Panda,26.8
Happy Panda,27
Happy Panda,27
Happy Panda,27.1
Happy Panda,27.1
Happy Panda,27.2
Happy Panda,27.2
Happy Panda,27.2
Happy Panda,27.2
Happy Panda,27.2
Happy Panda,27.3
Happy Panda,27.4
Happy Panda,27.4
Happy Panda,27.6
Happy Panda,27.6
Happy Panda,27.6
Happy Panda,27.7
Happy Panda,27.7
Happy Panda,27.8
Happy Panda,27.8
Happy Panda,27.9
Happy Panda,27.9
Happy Panda,28.2
Happy Panda,28.3
Happy Panda,28.3
Happy Panda,28.5
Happy Panda,28.5
Happy Panda,28.6
Happy Panda,28.6
Happy Panda,28.7
Happy Panda,28.8
Happy Panda,28.8
Happy Panda,29
Happy Panda,29.1
Happy Panda,29.2
Happy Panda,29.4
Happy Panda,29.4
Happy Panda,29.5
Happy Panda,29.6
Happy Panda,29.7
Happy Panda,29.7
Happy Panda,29.7
Happy Panda,29.9
Happy Panda,29.9
Happy Panda,29.9
Happy Panda,30.1
Happy Panda,30.1
Happy Panda,30.1
Happy Panda,30.2
Happy Panda,30.3
Happy Panda,30.4
Happy Panda,30.4
Happy Panda,30.4
Happy Panda,30.5
Happy Panda,30.5
Happy Panda,30.7
Happy Panda,30.7
Happy Panda,30.7
Happy Panda,30.8
Happy Panda,30.9
Happy Panda,31
Happy Panda,31.1
Happy Panda,31.1
Happy Panda,31.2
Happy Panda,31.2
Happy Panda,31.5
Happy Panda,31.5
Happy Panda,32.1
Happy Panda,32.3
Happy Panda,32.4
Happy Panda,32.4
Happy Panda,32.5
Happy Panda,32.5
Happy Panda,32.6
Happy Panda,32.7
Happy Panda,32.9
Happy Panda,32.9
Happy Panda,33
Happy Panda,33.1
Happy Panda,33.3
Happy Panda,33.3
Happy Panda,33.3
Happy Panda,33.4
Happy Panda,33.6
Happy Panda,33.6
Happy Panda,33.6
Happy Panda,33.8
Happy Panda,33.9
Happy Panda,33.9
Happy Panda,33.9
Happy Panda,34
Happy Panda,34.1
Happy Panda,34.3
Happy Panda,34.4
Happy Panda,34.5
Happy Panda,34.6
Happy Panda,34.7
Happy Panda,34.7
Happy Panda,34.8
Happy Panda,34.9
Happy Panda,34.9
Happy Panda,35
Happy Panda,35
Happy Panda,35.3
Happy Panda,35.3
Happy Panda,35.4
Happy Panda,35.5
Happy Panda,35.6
Happy Panda,35.6
Happy Panda,36.1
Happy Panda,36.1
Happy Panda,36.2
Happy Panda,36.2
Happy Panda,36.3
Happy Panda,36.3
Happy Panda,36.5
Happy Panda,36.8
Happy Panda,36.9
Happy Panda,36.9
Happy Panda,36.9
Happy Panda,37.1
Happy Panda,37.1
Happy Panda,37.1
Happy Panda,37.3
Happy Panda,37.4
Happy Panda,37.6
Happy Panda,37.9
Happy Panda,38.2
Happy Panda,38.3
Happy Panda,38.5
Happy Panda,38.5
Happy Panda,38.9
Happy Panda,39.3
Happy Panda,39.3
Happy Panda,39.7
Happy Panda,39.8
Happy Panda,39.8
Happy Panda,39.9
Happy Panda,39.9
Happy Panda,40
Happy Panda,40
Happy Panda,40.1
Happy Panda,40.2
Happy Panda,40.4
Happy Panda,40.5
Happy Panda,40.5
Happy Panda,40.5
Happy Panda,40.7
Happy Panda,40.8
Happy Panda,40.8
Happy Panda,41
Happy Panda,41
Happy Panda,41
Happy Panda,41.3
Happy Panda,41.7
Happy Panda,41.9
Happy Panda,42.2
Happy Panda,42.8
Jade Dragon,9.8
Jade Dragon,10
Jade Dragon,10.3
Jade Dragon,10.8
Jade Dragon,11
Jade Dragon,11.1
Jade Dragon,11.9
Jade Dragon,12.1
Jade Dragon,12.1
Jade Dragon,12.2
Jade Dragon,12.4
Jade Dragon,12.4
Jade Dragon,12.4
Jade Dragon,12.9
Jade Dragon,13
Jade Dragon,13.3
Jade Dragon,13.3
Jade Dragon,13.9
Jade Dragon,14.2
Jade Dragon,14.6
Jade Dragon,15
Jade Dragon,15.1
Jade Dragon,15.2
Jade Dragon,15.3
Jade Dragon,15.3
Jade Dragon,15.4
Jade Dragon,15.6
Jade Dragon,15.9
Jade Dragon,15.9
Jade Dragon,16
Jade Dragon,16.1
Jade Dragon,16.5
Jade Dragon,16.7
Jade Dragon,16.7
Jade Dragon,16.8
Jade Dragon,16.8
Jade Dragon,16.8
Jade Dragon,16.9
Jade Dragon,16.9
Jade Dragon,17.1
Jade Dragon,17.2
Jade Dragon,17.2
Jade Dragon,17.2
Jade Dragon,17.3
Jade Dragon,17.4
Jade Dragon,17.5
Jade Dragon,17.6
Jade Dragon,17.9
Jade Dragon,17.9
Jade Dragon,17.9
Jade Dragon,18.1
Jade Dragon,18.2
Jade Dragon,18.2
Jade Dragon,18.5
Jade Dragon,18.5
Jade Dragon,18.7
Jade Dragon,18.8
Jade Dragon,18.9
Jade Dragon,18.9
Jade Dragon,19.1
Jade Dragon,19.1
Jade Dragon,19.2
Jade Dragon,19.4
Jade Dragon,19.4
Jade Dragon,19.4
Jade Dragon,19.7
Jade Dragon,19.9
Jade Dragon,20
Jade Dragon,20.4
Jade Dragon,20.5
Jade Dragon,20.5
Jade Dragon,20.6
Jade Dragon,20.7
Jade Dragon,20.7
Jade Dragon,20.7
Jade Dragon,20.9
Jade Dragon,20.9
Jade Dragon,20.9
Jade Dragon,21
Jade Dragon,21
Jade Dragon,21
Jade Dragon,21.1
Jade Dragon,21.1
Jade Dragon,21.2
Jade Dragon,21.3
Jade Dragon,21.4
Jade Dragon,21.5
Jade Dragon,21.6
Jade Dragon,21.6
Jade Dragon,21.6
Jade Dragon,22
Jade Dragon,22.2
Jade Dragon,22.4
Jade Dragon,22.6
Jade Dragon,22.9
Jade Dragon,22.9
Jade Dragon,23
Jade Dragon,23
Jade Dragon,23.1
Jade Dragon,23.1
Jade Dragon,23.2
Jade Dragon,23.3
Jade Dragon,23.4
Jade Dragon,23.5
Jade Dragon,23.7
Jade Dragon,23.9
Jade Dragon,24
Jade Dragon,24.1
Jade Dragon,24.1
Jade Dragon,24.1
Jade Dragon,24.1
Jade Dragon,24.2
Jade Dragon,24.2
Jade Dragon,24.2
Jade Dragon,24.2
Jade Dragon,24.3
Jade Dragon,24.3
Jade Dragon,24.4
Jade Dragon,24.4
Jade Dragon,24.4
Jade Dragon,24.6
Jade Dragon,24.6
Jade Dragon,24.7
Jade Dragon,24.7
Jade Dragon,24.8
Jade Dragon,24.8
Jade Dragon,24.9
Jade Dragon,24.9
Jade Dragon,25
Jade Dragon,25.2
Jade Dragon,25.4
Jade Dragon,25.7
Jade Dragon,25.9
Jade Dragon,25.9
Jade Dragon,26
Jade Dragon,26.1
Jade Dragon,26.2
Jade Dragon,26.5
Jade Dragon,26.5
Jade Dragon,26.6
Jade Dragon,26.6
Jade Dragon,26.9
Jade Dragon,26.9
Jade Dragon,26.9
Jade Dragon,26.9
Jade Dragon,27.1
Jade Dragon,27.2
Jade Dragon,27.2
Jade Dragon,27.2
Jade Dragon,27.2
Jade Dragon,27.3
Jade Dragon,27.3
Jade Dragon,27.4
Jade Dragon,27.4
Jade Dragon,27.5
Jade Dragon,27.5
Jade Dragon,27.6
Jade Dragon,27.6
Jade Dragon,27.6
Jade Dragon,27.7
Jade Dragon,27.8
Jade Dragon,28
Jade Dragon,28.1
Jade Dragon,28.3
Jade Dragon,28.4
Jade Dragon,28.4
Jade Dragon,28.5
Jade Dragon,28.6
Jade Dragon,28.7
Jade Dragon,28.7
Jade Dragon,28.9
Jade Dragon,28.9
Jade Dragon,28.9
Jade Dragon,29.2
Jade Dragon,29.3
Jade Dragon,29.3
Jade Dragon,29.4
Jade Dragon,29.6
Jade Dragon,29.7
Jade Dragon,29.8
Jade Dragon,30.1
Jade Dragon,30.1
Jade Dragon,30.2
Jade Dragon,30.2
Jade Dragon,30.3
Jade Dragon,30.3
Jade Dragon,30.4
Jade Dragon,30.6
Jade Dragon,30.8
Jade Dragon,31.1
Jade Dragon,31.2
Jade Dragon,31.2
Jade Dragon,31.2
Jade Dragon,31.2
Jade Dragon,31.3
Jade Dragon,31.3
Jade Dragon,31.4
Jade Dragon,31.7
Jade Dragon,31.8
Jade Dragon,31.8
Jade Dragon,31.9
Jade Dragon,32
Jade Dragon,32
Jade Dragon,32
Jade Dragon,32.1
Jade Dragon,32.2
Jade Dragon,32.2
Jade Dragon,32.2
Jade Dragon,32.3
Jade Dragon,32.3
Jade Dragon,32.5
Jade Dragon,32.5
Jade Dragon,32.5
Jade Dragon,32.7
Jade Dragon,32.8
Jade Dragon,32.9
Jade Dragon,33
Jade Dragon,33.1
Jade Dragon,33.4
Jade Dragon,33.4
Jade Dragon,33.4
Jade Dragon,33.5
Jade Dragon,33.7
Jade Dragon,33.7
Jade Dragon,34
Jade Dragon,34.1
Jade Dragon,34.1
Jade Dragon,34.2
Jade Dragon,34.3
Jade Dragon,34.3
Jade Dragon,34.4
Jade Dragon,34.4
Jade Dragon,34.5
Jade Dragon,34.5
Jade Dragon,34.5
Jade Dragon,34.6
Jade Dragon,34.6
Jade Dragon,34.7
Jade Dragon,34.8
Jade Dragon,34.9
Jade Dragon,35
Jade Dragon,35.1
Jade Dragon,35.1
Jade Dragon,35.1
Jade Dragon,35.7
Jade Dragon,35.8
Jade Dragon,35.9
Jade Dragon,35.9
Jade Dragon,35.9
Jade Dragon,36.3
Jade Dragon,36.8
Jade Dragon,36.9
Jade Dragon,36.9
Jade Dragon,37
Jade Dragon,37.3
Jade Dragon,37.3
Jade Dragon,37.3
Jade Dragon,37.4
Jade Dragon,37.5
Jade Dragon,37.6
Jade Dragon,37.8
Jade Dragon,37.9
Jade Dragon,38
Jade Dragon,38.1
Jade Dragon,38.2
Jade Dragon,38.2
Jade Dragon,38.2
Jade Dragon,38.3
Jade Dragon,38.3
Jade Dragon,38.3
Jade Dragon,38.3
Jade Dragon,38.5
Jade Dragon,38.8
Jade Dragon,38.9
Jade Dragon,38.9
Jade Dragon,39
Jade Dragon,39.1
Jade Dragon,39.3
Jade Dragon,39.4
Jade Dragon,39.4
Jade Dragon,39.4
Jade Dragon,39.6
Jade Dragon,39.6
Jade Dragon,39.6
Jade Dragon,39.8
Jade Dragon,39.9
Jade Dragon,39.9
Jade Dragon,40.1
Jade Dragon,40.2
Jade Dragon,40.2
Jade Dragon,40.3
Jade Dragon,40.5
Jade Dragon,40.5
Jade Dragon,40.6
Jade Dragon,40.6
Jade Dragon,40.7
Jade Dragon,40.8
Jade Dragon,40.8
Jade Dragon,41
Jade Dragon,41.1
Jade Dragon,41.1
Jade Dragon,41.1
Jade Dragon,41.3
Lotus Leaf,8.6
Lotus Leaf,8.9
Lotus Leaf,9
Lotus Leaf,9.3
Lotus Leaf,9.6
Lotus Leaf,9.6
Lotus Leaf,9.6
Lotus Leaf,9.6
Lotus Leaf,9.8
Lotus Leaf,10.1
Lotus Leaf,10.5
Lotus Leaf,10.5
Lotus Leaf,10.6
Lotus Leaf,10.7
Lotus Leaf,10.7
Lotus Leaf,11.2
Lotus Leaf,11.3
Lotus Leaf,11.4
Lotus Leaf,11.7
Lotus Leaf,11.9
Lotus Leaf,12.1
Lotus Leaf,12.1
Lotus Leaf,12.4
Lotus Leaf,12.5
Lotus Leaf,12.7
Lotus Leaf,12.8
Lotus Leaf,12.8
Lotus Leaf,13
Lotus Leaf,13.6
Lotus Leaf,13.7
Lotus Leaf,13.8
Lotus Leaf,13.8
Lotus Leaf,13.9
Lotus Leaf,13.9
Lotus Leaf,14
Lotus Leaf,14.2
Lotus Leaf,14.4
Lotus Leaf,14.4
Lotus Leaf,14.4
Lotus Leaf,14.4
Lotus Leaf,14.5
Lotus Leaf,14.5
Lotus Leaf,14.6
Lotus Leaf,14.7
Lotus Leaf,14.7
Lotus Leaf,14.8
Lotus Leaf,15.2
Lotus Leaf,15.4
Lotus Leaf,15.4
Lotus Leaf,15.4
Lotus Leaf,15.4
Lotus Leaf,15.9
Lotus Leaf,15.9
Lotus Leaf,16.2
Lotus Leaf,16.3
Lotus Leaf,16.3
Lotus Leaf,16.5
Lotus Leaf,16.8
Lotus Leaf,17
Lotus Leaf,17.1
Lotus Leaf,17.2
Lotus Leaf,17.3
Lotus Leaf,17.4
Lotus Leaf,17.6
Lotus Leaf,17.6
Lotus Leaf,17.6
Lotus Leaf,18
Lotus Leaf,18.1
Lotus Leaf,18.1
Lotus Leaf,18.2
Lotus Leaf,18.2
Lotus Leaf,18.2
Lotus Leaf,18.3
Lotus Leaf,18.4
Lotus Leaf,18.5
Lotus Leaf,18.6
Lotus Leaf,18.6
Lotus Leaf,18.6
Lotus Leaf,18.7
Lotus Leaf,18.7
Lotus Leaf,18.8
Lotus Leaf,18.9
Lotus Leaf,19.1
Lotus Leaf,19.3
Lotus Leaf,19.4
Lotus Leaf,19.5
Lotus Leaf,19.5
Lotus Leaf,19.6
Lotus Leaf,19.6
Lotus Leaf,19.6
Lotus Leaf,19.7
Lotus Leaf,19.8
Lotus Leaf,19.8
Lotus Leaf,19.8
Lotus Leaf,19.9
Lotus Leaf,19.9
Lotus Leaf,20.1
Lotus Leaf,20.1
Lotus Leaf,20.1
Lotus Leaf,20.3
Lotus Leaf,20.3
Lotus Leaf,20.3
Lotus Leaf,20.4
Lotus Leaf,20.4
Lotus Leaf,20.5
Lotus Leaf,20.6
Lotus Leaf,20.7
Lotus Leaf,20.7
Lotus Leaf,20.9
Lotus Leaf,21
Lotus Leaf,21.4
Lotus Leaf,21.5
Lotus Leaf,21.5
Lotus Leaf,21.5
Lotus Leaf,21.6
Lotus Leaf,21.6
Lotus Leaf,21.6
Lotus Leaf,21.8
Lotus Leaf,21.9
Lotus Leaf,22
Lotus Leaf,22
Lotus Leaf,22.2
Lotus Leaf,22.3
Lotus Leaf,22.4
Lotus Leaf,22.4
Lotus Leaf,22.4
Lotus Leaf,22.5
Lotus Leaf,22.5
Lotus Leaf,22.6
Lotus Leaf,22.6
Lotus Leaf,22.6
Lotus Leaf,22.6
Lotus Leaf,22.7
Lotus Leaf,22.8
Lotus Leaf,23
Lotus Leaf,23.1
Lotus Leaf,23.1
Lotus Leaf,23.1
Lotus Leaf,23.3
Lotus Leaf,23.4
Lotus Leaf,23.4
Lotus Leaf,23.5
Lotus Leaf,23.5
Lotus Leaf,23.7
Lotus Leaf,23.8
Lotus Leaf,23.8
Lotus Leaf,23.8
Lotus Leaf,24
Lotus Leaf,24.2
Lotus Leaf,24.2
Lotus Leaf,24.2
Lotus Leaf,24.3
Lotus Leaf,24.4
Lotus Leaf,24.4
Lotus Leaf,24.5
Lotus Leaf,24.6
Lotus Leaf,24.6
Lotus Leaf,24.8
Lotus Leaf,24.9
Lotus Leaf,24.9
Lotus Leaf,24.9
Lotus Leaf,25
Lotus Leaf,25
Lotus Leaf,25
Lotus Leaf,25.1
Lotus Leaf,25.2
Lotus Leaf,25.2
Lotus Leaf,25.3
Lotus Leaf,25.5
Lotus Leaf,25.5
Lotus Leaf,25.6
Lotus Leaf,25.7
Lotus Leaf,25.7
Lotus Leaf,25.9
Lotus Leaf,26
Lotus Leaf,26.1
Lotus Leaf,26.1
Lotus Leaf,26.2
Lotus Leaf,26.5
Lotus Leaf,26.5
Lotus Leaf,26.6
Lotus Leaf,26.7
Lotus Leaf,26.9
Lotus Leaf,26.9
Lotus Leaf,27
Lotus Leaf,27
Lotus Leaf,27.3
Lotus Leaf,27.3
Lotus Leaf,27.7
Lotus Leaf,27.8
Lotus Leaf,27.8
Lotus Leaf,28
Lotus Leaf,28
Lotus Leaf,28
Lotus Leaf,28.1
Lotus Leaf,28.6
Lotus Leaf,28.6
Lotus Leaf,28.6
Lotus Leaf,28.7
Lotus Leaf,28.9
Lotus Leaf,29
Lotus Leaf,29
Lotus Leaf,29
Lotus Leaf,29.1
Lotus Leaf,29.1
Lotus Leaf,29.2
Lotus Leaf,29.2
Lotus Leaf,29.4
Lotus Leaf,29.4
Lotus Leaf,29.5
Lotus Leaf,29.6
Lotus Leaf,29.7
Lotus Leaf,29.7
Lotus Leaf,29.8
Lotus Leaf,29.9
Lotus Leaf,29.9
Lotus Leaf,30
Lotus Leaf,30.1
Lotus Leaf,30.2
Lotus Leaf,30.2
Lotus Leaf,30.2
Lotus Leaf,30.3
Lotus Leaf,30.4
Lotus Leaf,30.4
Lotus Leaf,30.6
Lotus Leaf,30.6
Lotus Leaf,30.7
Lotus Leaf,30.8
Lotus Leaf,30.8
Lotus Leaf,30.9
Lotus Leaf,30.9
Lotus Leaf,31
Lotus Leaf,31
Lotus Leaf,31
Lotus Leaf,31
Lotus Leaf,31.1
Lotus Leaf,31.1
Lotus Leaf,31.2
Lotus Leaf,31.2
Lotus Leaf,31.3
Lotus Leaf,31.4
Lotus Leaf,31.5
Lotus Leaf,31.6
Lotus Leaf,31.7
Lotus Leaf,31.9
Lotus Leaf,32
Lotus Leaf,32.1
Lotus Leaf,32.1
Lotus Leaf,32.1
Lotus Leaf,32.6
Lotus Leaf,32.9
Lotus Leaf,32.9
Lotus Leaf,33.1
Lotus Leaf,33.3
Lotus Leaf,33.5
Lotus Leaf,33.7
Lotus Leaf,33.7
Lotus Leaf,33.8
Lotus Leaf,33.9
Lotus Leaf,34
Lotus Leaf,34
Lotus Leaf,34.1
Lotus Leaf,34.1
Lotus Leaf,34.1
Lotus Leaf,34.1
Lotus Leaf,34.5
Lotus Leaf,34.6
Lotus Leaf,34.7
Lotus Leaf,34.7
Lotus Leaf,35
Lotus Leaf,35
Lotus Leaf,35.1
Lotus Leaf,35.1
Lotus Leaf,35.4
Lotus Leaf,35.4
Lotus Leaf,35.6
Lotus Leaf,35.7
Lotus Leaf,35.7
Lotus Leaf,35.8
Lotus Leaf,35.8
Lotus Leaf,36.1
Lotus Leaf,36.2
Lotus Leaf,36.2
Lotus Leaf,36.4
Lotus Leaf,36.7
Lotus Leaf,36.9
Lotus Leaf,37.1
Lotus Leaf,37.3
Lotus Leaf,37.5
Lotus Leaf,37.6
Lotus Leaf,37.7
Lotus Leaf,37.9
Lotus Leaf,38
Lotus Leaf,38.1
Lotus Leaf,38.3
Lotus Leaf,38.6
Lotus Leaf,38.7
Lotus Leaf,39.2
Lotus Leaf,39.2
Lotus Leaf,39.5
Lotus Leaf,40.3
Lotus Leaf,40.8
Lotus Leaf,42.5
